NAICS code,Activity,Media,Probable establishments by activity & media,Probable mass by activity & media,Total activity & media,Total shipment by activity & media,Shipment/mass,Mean PACE,SD PACE,CI at 95% for Mean PACE,Unit
311111,Treatment,W,9,17658089023.867554,8e-06,39631105.108011,0.020199,1e-06,1e-06,"[1.3697907019969565e-07, 1.6055855221369556e-06]",USD/kg
311119,Treatment,W,4,28573240290.497345,2.9e-05,70504702.350033,0.009955,7e-06,3e-06,"[4.486511305731209e-06, 9.810691971189674e-06]",USD/kg
311222,Treatment,W,7,942918517.232073,0.019066,1744894921.394064,13.180276,0.002724,0.001946,"[0.0012823232401032764, 0.004164986678367545]",USD/kg
311411,Treatment,W,8,2021969006174.2786,4.2e-05,406282569.806459,0.00185,5e-06,4e-06,"[2.5640618961610243e-06, 7.892760849412082e-06]",USD/kg
311514,Treatment,W,3,492490953144.94763,2.1e-05,108250272.030999,0.000723,7e-06,9e-06,"[-2.8196766464010935e-06, 1.653492213431899e-05]",USD/kg
311611,Treatment,W,6,4973301024511.658,4e-06,374685270.931919,0.000449,1e-06,0.0,"[3.1814135671238505e-07, 1.0920281752281461e-06]",USD/kg
311612,Treatment,W,10,12846986769.84262,0.000952,390162358.036642,0.313013,9.5e-05,4.5e-05,"[6.723563406403735e-05, 0.0001232321267864908]",USD/kg
311613,Treatment,W,1,127736311.652419,0.013506,263492962.224197,2.062788,0.013506,0.003376,"[0.006888098082579929, 0.02012357437959252]",USD/kg
311712,Treatment,W,9,23768801706.015675,4.4e-05,382854352.725782,0.144924,5e-06,4e-06,"[2.3115759776696516e-06, 7.508000207695787e-06]",USD/kg
311991,Treatment,W,8,95590.412457,60.327921,160735847.202283,13450.642685,7.54099,3.625954,"[5.028378393429679, 10.053601878768536]",USD/kg
311999,Treatment,W,7,1324150986181.2905,1.1e-05,96381912.78887,0.000566,2e-06,2e-06,"[3.1602112171438704e-08, 3.1257662531250323e-06]",USD/kg
312111,Treatment,W,20,62270169058.378204,0.000273,174789973.010801,0.056133,1.4e-05,1e-05,"[9.376822754628143e-06, 1.7944692498498553e-05]",USD/kg
313230,Treatment,W,2,10703150.000304,0.047655,34034058.76024,6.359531,0.023827,0.021566,"[-0.006061155427256205, 0.05371606617871541]",USD/kg
316110,Treatment,W,3,5325105590.630183,4.6e-05,15615920.993178,0.009283,1.5e-05,3e-06,"[1.2307851999901346e-05, 1.8308558116259685e-05]",USD/kg
321211,Treatment,W,1,1099609.114165,0.026653,7019145.672573,6.38331,0.026653,0.004531,"[0.017772062611459798, 0.035532974665078376]",USD/kg
322121,Treatment,W,1,4289579765419.548,2e-06,53751043.18312,1.3e-05,2e-06,0.0,"[1.4818831477659087e-06, 2.0330079436694232e-06]",USD/kg
322130,Treatment,W,1,1917190170516.577,1e-06,42404141.928474,2.2e-05,1e-06,0.0,"[9.062923338325883e-07, 9.802431665590661e-07]",USD/kg
322291,Treatment,W,1,5260560.601911,0.009626,15239397.672797,2.896915,0.009626,0.001348,"[0.006984541630415805, 0.012267093142081803]",USD/kg
323110,Treatment,W,1,1325323.225333,0.079086,1242498.367472,0.937506,0.079086,0.017399,"[0.0449848755906917, 0.11318758910250223]",USD/kg
324110,Treatment,W,1,658570108580.1035,1.4e-05,341241651.869009,0.000518,1.4e-05,1e-06,"[1.2586230778145567e-05, 1.472759540185728e-05]",USD/kg
324199,Treatment,W,6,302202201615.7164,1.3e-05,218533373.618573,0.004339,2e-06,2e-06,"[8.758462121338497e-07, 3.375722932531753e-06]",USD/kg
325120,Treatment,W,3,1214297.566283,0.583892,65792050.252955,162.529383,0.194631,0.013484,"[0.179371997032283, 0.20988954082278752]",USD/kg
325131,Treatment,W,6,484300876.537412,0.033879,272962426.08545,3.604756,0.005646,0.001106,"[0.0047611295043025375, 0.006531833577889481]",USD/kg
325132,Treatment,W,6,168080983826.22217,1.1e-05,219471880.737798,0.008979,2e-06,0.0,"[1.611914781459431e-06, 2.1245480639148224e-06]",USD/kg
325188,Treatment,W,12,831484433.877703,0.362034,402465713.788431,6.216722,0.030169,0.027173,"[0.014795403126347376, 0.04554358797724207]",USD/kg
325193,Treatment,W,2,3942298530.026606,0.000228,219837898.300164,0.113748,0.000114,2.1e-05,"[8.479432727782028e-05, 0.00014277892695652703]",USD/kg
325199,Treatment,W,1,269424554.811768,0.022318,109473856.678868,0.406325,0.022318,0.001785,"[0.018818733640652265, 0.025817578827941924]",USD/kg
325211,Treatment,W,4,145534559178.12463,0.000258,353416834.38895,0.010827,6.4e-05,1.8e-05,"[4.677216550324718e-05, 8.214690971081541e-05]",USD/kg
325212,Treatment,W,1,10711457116.902306,1e-06,6078530.479257,0.000567,1e-06,0.0,"[6.461019847694232e-07, 8.515802054936052e-07]",USD/kg
325222,Treatment,W,4,104544422143.69724,2.7e-05,206847430.723296,0.007914,7e-06,3e-06,"[3.5813183179546046e-06, 9.94307695197239e-06]",USD/kg
325311,Treatment,W,7,2641026296.236918,0.002231,383786361.607578,1.149141,0.000319,8e-06,"[0.00031247561628899883, 0.0003249693072108752]",USD/kg
325312,Treatment,W,2,19646486277.6056,0.000366,388820269.01035,0.041352,0.000183,1.3e-05,"[0.00016527819497575845, 0.00020119157223339427]",USD/kg
325320,Treatment,W,2,122311137.777532,0.036734,229258186.901726,3.7482,0.018367,0.001039,"[0.01692722139070016, 0.019807142607997444]",USD/kg
325411,Treatment,W,3,716829.045129,13.041184,80743149.435881,344.965088,4.347061,0.90352,"[3.3246512093916634, 5.369471233135919]",USD/kg
325412,Treatment,W,2,3449145662.793446,0.000775,193116205.970801,0.106016,0.000388,0.000186,"[0.00012928287620504546, 0.0006457658700164327]",USD/kg
325414,Treatment,W,9,164947928872.25024,5.8e-05,972362246.764025,0.053048,6e-06,0.0,"[6.282440266174434e-06, 6.53363064017194e-06]",USD/kg
325510,Treatment,W,6,53383071.30605,0.098529,91516006.865702,10.285497,0.016422,0.002816,"[0.01416856833937304, 0.018674563184168835]",USD/kg
325611,Treatment,W,13,247080881.26392,0.052752,598560715.655822,35.352855,0.004058,0.001024,"[0.0035011445529927465, 0.004614604920250169]",USD/kg
325612,Treatment,W,5,10098738.965724,0.00491,1860953.163153,0.922771,0.000982,0.001581,"[-0.0004037815062556734, 0.0023678231948110686]",USD/kg
325992,Treatment,W,1,352970.146462,0.599489,26570387.1261,75.276585,0.599489,0.029974,"[0.5407403334912876, 0.6582380566358365]",USD/kg
325998,Treatment,W,1,1353319139.510093,0.000495,57378265.457245,0.042398,0.000495,3e-05,"[0.0004368940757166429, 0.0005533439247374179]",USD/kg
326113,Treatment,W,2,284764.616948,2.24113,51020495.233024,353.291298,1.120565,0.206013,"[0.8350502157268924, 1.4060795997079458]",USD/kg
326121,Treatment,W,3,4077986.414164,0.017184,12861868.183019,9.462616,0.005728,0.002381,"[0.0030336223409657857, 0.00842246840450438]",USD/kg
326130,Treatment,W,1,1189745.820359,0.018046,5063363.91501,4.255837,0.018046,0.001985,"[0.014155445259833326, 0.021936787699174704]",USD/kg
326199,Treatment,W,3,2064036486.844066,0.003016,147962954.306283,0.215046,0.001005,0.000366,"[0.0005916261043718719, 0.0014193137316408561]",USD/kg
326291,Treatment,W,1,75661779.713445,0.000322,7118995.727253,0.09409,0.000322,8e-05,"[0.00016400063952644257, 0.0004791277691236059]",USD/kg
327125,Treatment,W,2,379673.936703,0.559666,21501740.807374,113.260542,0.279833,0.110808,"[0.12626354319662123, 0.4334027744764398]",USD/kg
327212,Treatment,W,3,48106403.857048,0.067612,22749130.781743,1.418697,0.022537,0.003513,"[0.018561833119312858, 0.026512863497845915]",USD/kg
327213,Treatment,W,2,6440119.226342,0.022504,184164455.645325,57.192715,0.011252,0.001432,"[0.009267376980530886, 0.013237092440630163]",USD/kg
331111,Treatment,W,4,120167248368.0748,0.000374,431645607.957832,0.014901,9.4e-05,6e-06,"[8.810396387502517e-05, 9.911206403605613e-05]",USD/kg
331210,Treatment,W,3,40717697.547754,0.005619,156006176.159357,12.120486,0.001873,0.000973,"[0.0007717527926059682, 0.0029745217415489047]",USD/kg
331221,Treatment,W,13,1406086069.50189,0.002503,609646008.610382,5.754891,0.000193,0.000111,"[0.00013217809318929438, 0.0002529529777182864]",USD/kg
331222,Treatment,W,9,183140602.573528,0.015368,239867175.805939,11.952066,0.001708,0.001742,"[0.0005696463534833147, 0.0028453742974855396]",USD/kg
331311,Treatment,W,3,291021675695.3657,5e-06,298081939.241653,0.003073,2e-06,0.0,"[1.6207306590578656e-06, 1.6855322207360432e-06]",USD/kg
331315,Treatment,W,1,1050605.218325,0.095022,26507208.29201,25.230418,0.095022,0.015204,"[0.06522373058503643, 0.12482050899124723]",USD/kg
331316,Treatment,W,7,10511647576.750725,0.000802,247438396.090347,0.169768,0.000115,4.2e-05,"[8.313581363160962e-05, 0.0001460131277363431]",USD/kg
331419,Treatment,W,1,633753.098718,0.147072,62430230.270023,98.508757,0.147072,0.027944,"[0.09230364776297867, 0.20184116216601983]",USD/kg
331491,Treatment,W,5,44767280.023584,0.662274,141144776.74712,16.037403,0.132455,0.145127,"[0.005247548669054247, 0.2596621060029277]",USD/kg
331525,Treatment,W,1,2434094.454086,0.014464,8531472.650779,3.504988,0.014464,0.00593,"[0.002840934425283088, 0.026086976426245384]",USD/kg
332112,Treatment,W,1,1659200207.543294,4e-06,4355248.510756,0.002625,4e-06,0.0,"[3.2792920380713344e-06, 4.498888305101413e-06]",USD/kg
332116,Treatment,W,1,193664.183612,0.047207,9443484.813834,48.762165,0.047207,0.039654,"[-0.030513197099898595, 0.12492726038449854]",USD/kg
332439,Treatment,W,1,49610763.260044,0.000645,41649234.365145,0.83952,0.000645,3.9e-05,"[0.0005690973684709137, 0.0007207847140313969]",USD/kg
332510,Treatment,W,3,60993977.71293,0.022733,40220898.868418,1.987421,0.007578,0.004987,"[0.0019338982523803318, 0.013221231424553993]",USD/kg
332721,Treatment,W,1,143727817.117503,7.7e-05,955390.042337,0.006647,7.7e-05,3.2e-05,"[1.5146760009555757e-05, 0.0001390856359748268]",USD/kg
332722,Treatment,W,1,40266601401.323715,4e-06,11036768.199758,0.000274,4e-06,2e-06,"[-7.976444271992299e-07, 8.211465997638946e-06]",USD/kg
332811,Treatment,W,7,365160248.741728,0.006105,56302532.420292,1.038641,0.000872,0.000577,"[0.0004448307755507212, 0.0012995728415606351]",USD/kg
332812,Treatment,W,1,651535897.818718,0.000113,1989180.577464,0.003053,0.000113,3.2e-05,"[5.1001979088608686e-05, 0.00017506557064037693]",USD/kg
332813,Treatment,W,1,118161283112.48894,9e-06,17991346.952663,0.000152,9e-06,2e-06,"[5.519323734099069e-06, 1.324088289426489e-05]",USD/kg
332912,Treatment,W,9,315669.872472,3.746308,108923727.43214,3131.239876,0.416256,0.524483,"[0.07360043996118626, 0.7589124951131356]",USD/kg
332996,Treatment,W,1,4698117.138242,0.001175,12835071.678596,2.731961,0.001175,0.000388,"[0.00041501433154119, 0.0019349311207280543]",USD/kg
332999,Treatment,W,5,392035262.479778,0.002028,70717198.240515,0.864639,0.000406,0.000145,"[0.00027841962316227777, 0.0005328195545478296]",USD/kg
333111,Treatment,W,5,920432520.317348,0.000229,106302323.318698,0.544163,4.6e-05,4.7e-05,"[4.497836749233427e-06, 8.690622013347022e-05]",USD/kg
333415,Treatment,W,6,6492679.780974,0.144488,216610272.146962,204.331694,0.024081,0.007078,"[0.01841747530381889, 0.02974510635927484]",USD/kg
333611,Treatment,W,4,18696149177.11068,2.8e-05,265089587.329479,0.056713,7e-06,5e-06,"[2.359392590125427e-06, 1.1785127724542456e-05]",USD/kg
333618,Treatment,W,7,3819067.899168,0.718939,573809782.920201,1051.724465,0.102706,0.04076,"[0.0725107230894337, 0.13290051838622693]",USD/kg
333999,Treatment,W,1,4358518.88261,0.004887,6817161.964397,1.564101,0.004887,0.000244,"[0.0044077584366910404, 0.005365522354796695]",USD/kg
334413,Treatment,W,1,885092996.524671,0.027513,73071015.749298,0.082557,0.027513,0.006603,"[0.014571244522213294, 0.04045521584719669]",USD/kg
336312,Treatment,W,6,267654228.921469,0.01701,127111342.326778,2.770199,0.002835,0.00125,"[0.0018348107050709741, 0.003835128499437141]",USD/kg
336340,Treatment,W,11,1503399798.050544,0.007449,216780900.481541,1.586074,0.000677,0.000719,"[0.000252473929468544, 0.0011019580694044129]",USD/kg
336350,Treatment,W,9,4119540.802382,5.894039,392368624.516697,857.2,0.654893,0.078587,"[0.6035505036157774, 0.7062358682692164]",USD/kg
336399,Treatment,W,2,1450023097.108592,0.000609,206228188.050167,0.289803,0.000304,6.5e-05,"[0.00021497535872115343, 0.0003940153317609057]",USD/kg
336411,Treatment,W,6,664672.411703,2.158824,416434603.788419,4150.103455,0.359804,0.02644,"[0.338647856527955, 0.38096002229232534]",USD/kg
336412,Treatment,W,6,13193477.70197,0.238158,287479082.693775,133.245186,0.039693,0.024307,"[0.020243751951355037, 0.05914210907440097]",USD/kg
336413,Treatment,W,3,3287336774.797432,0.000108,98268671.895422,0.085774,3.6e-05,1.1e-05,"[2.336110070001451e-05, 4.882946389250598e-05]",USD/kg
339112,Treatment,W,1,1905408375.083907,5.1e-05,42543578.055484,0.022328,5.1e-05,8e-06,"[3.593540851103871e-05, 6.586383663072056e-05]",USD/kg
339113,Treatment,W,1,25256046983.04302,6e-06,27184354.292798,0.001076,6e-06,0.0,"[6.082553266085705e-06, 6.84253445924582e-06]",USD/kg
339999,Treatment,W,3,18802961.413654,0.000977,1786948.972133,0.308827,0.000326,7.9e-05,"[0.0002362906637655299, 0.00041500211959414284]",USD/kg
313320,Treatment,L,1,86120263652.30681,1e-06,15636474.416004,0.000182,1e-06,0.0,"[6.16833740936034e-07, 1.2332804676882286e-06]",USD/kg
322121,Treatment,L,1,36950034906.17174,0.000204,53751043.18312,0.001455,0.000204,1.6e-05,"[0.0001720338284257242, 0.00023601465493189406]",USD/kg
323110,Treatment,L,1,9476126.252396,0.011061,1242498.367472,0.131119,0.011061,0.002433,"[0.006291547708536964, 0.015830323136428213]",USD/kg
324110,Treatment,L,1,2640137.700589,3.406654,341241651.869009,129.25146,3.406654,0.136266,"[3.1395769123437827, 3.6737303894267423]",USD/kg
324191,Treatment,L,11,14392284800.018965,0.000257,229450309.463377,0.175361,2.3e-05,2.1e-05,"[1.099295595287989e-05, 3.5705127746057586e-05]",USD/kg
325110,Treatment,L,1,50482772.915242,0.001592,218256535.840061,4.323386,0.001592,3.2e-05,"[0.0015297546652889523, 0.0016545782207160794]",USD/kg
325181,Treatment,L,3,551099066.462082,0.003562,289188266.933358,1.579677,0.001187,2.1e-05,"[0.001164225179154154, 0.001210774313850045]",USD/kg
325199,Treatment,L,2,127433887.062764,0.132803,166940349.373468,2.417816,0.066402,0.007512,"[0.055989984321342987, 0.07681313001151562]",USD/kg
325211,Treatment,L,3,667814657413.0774,3e-05,277955564.29596,0.001255,1e-05,2e-06,"[7.231213203709921e-06, 1.2700327465136821e-05]",USD/kg
325212,Treatment,L,1,12642643.650334,0.000417,3991590.579473,0.315724,0.000417,2.9e-05,"[0.00035946707842077734, 0.0004737875068113215]",USD/kg
325222,Treatment,L,2,12673026052.520308,2.7e-05,50476724.540132,0.007966,1.4e-05,5e-06,"[7.210033310878513e-06, 2.0017744772068607e-05]",USD/kg
325311,Treatment,L,1,783816.786884,0.177033,71471121.756367,91.183454,0.177033,0.00177,"[0.17356290768394875, 0.1805024613997174]",USD/kg
325320,Treatment,L,1,157396868.747857,0.006207,99685596.459178,0.633339,0.006207,0.000248,"[0.0057204372674252565, 0.0066936867026649435]",USD/kg
325412,Treatment,L,3,532561420.329373,0.007157,167281169.643613,0.979032,0.002386,0.001405,"[0.0007959335712546991, 0.003975675280470889]",USD/kg
325510,Treatment,L,3,50743470.177716,0.013306,23493989.352032,1.389035,0.004435,0.000538,"[0.0038268717065074297, 0.005043922277050847]",USD/kg
325520,Treatment,L,10,825684.740508,14.054095,180000327.355345,2179.886373,1.405409,0.577758,"[1.047317737639975, 1.7635012572578903]",USD/kg
325920,Treatment,L,2,564499.082729,0.238923,67136101.037117,237.860109,0.119461,0.05913,"[0.03751237844829358, 0.2014103768926725]",USD/kg
325998,Treatment,L,1,245901059.521357,0.00078,16429002.625787,0.066811,0.00078,4.7e-05,"[0.0006884616656952675, 0.0008719643989271137]",USD/kg
326121,Treatment,L,4,2226.087503,69.285602,21383816.097696,38152.806754,17.3214,8.314272,"[9.173563408674084, 25.46923752601227]",USD/kg
326122,Treatment,L,2,37568.422829,0.984676,17650596.237601,968.143781,0.492338,0.097478,"[0.35724288265366366, 0.6274329723763709]",USD/kg
326130,Treatment,L,2,6905.389929,6.836958,5566499.406934,1612.367839,3.418479,0.531791,"[2.681468574303385, 4.155489690134596]",USD/kg
326199,Treatment,L,1,955924.353367,0.351204,23934515.205415,25.038085,0.351204,0.073753,"[0.20665095171778425, 0.49575657879582813]",USD/kg
326220,Treatment,L,1,64043373.164232,4.3e-05,13256620.396841,0.206994,4.3e-05,1.3e-05,"[1.765252815965724e-05, 6.803710891268971e-05]",USD/kg
326291,Treatment,L,2,13253.712552,5.498295,10661995.10129,1608.801844,2.749148,0.971971,"[1.4020900959958185, 4.096205366909344]",USD/kg
326299,Treatment,L,3,5308253.120827,0.064799,30700265.819414,18.143949,0.0216,0.006734,"[0.013979542982622845, 0.029220095322961114]",USD/kg
327310,Treatment,L,1,24743642.639735,0.001808,1097378.505041,0.04435,0.001808,0.000127,"[0.0015597764977653785, 0.0020558283704470636]",USD/kg
331111,Treatment,L,1,845163825.807593,0.000921,30992927.475973,0.036671,0.000921,2.8e-05,"[0.0008672874140136407, 0.0009756501516471742]",USD/kg
331210,Treatment,L,4,10083066808.053347,3.8e-05,206837873.466374,0.082054,1e-05,6e-06,"[3.918499819138455e-06, 1.5102845131178919e-05]",USD/kg
331312,Treatment,L,1,75778762.591038,0.000164,6587823.653599,0.086935,0.000164,2e-06,"[0.00016068386475360003, 0.0001671084765879755]",USD/kg
331421,Treatment,L,2,598200.173754,0.501248,263974817.467669,882.528714,0.250624,0.053165,"[0.17694187625910762, 0.32430606229182324]",USD/kg
332112,Treatment,L,1,407535.760495,0.02194,6034888.587449,14.808243,0.02194,0.001755,"[0.018499904247821854, 0.02538017410458251]",USD/kg
332212,Treatment,L,4,59523807.423162,0.006243,23668520.641714,1.590517,0.001561,0.001061,"[0.0005206452742109137, 0.002600614701188351]",USD/kg
332321,Treatment,L,1,20575.391146,1.578276,11622455.330012,564.871659,1.578276,0.74179,"[0.12439488136537369, 3.0321575415748567]",USD/kg
332510,Treatment,L,3,1470798075.959911,0.000884,37894389.852627,0.077317,0.000295,0.000194,"[7.523457277918585e-05, 0.0005143464484839115]",USD/kg
332812,Treatment,L,1,22134532.591157,0.003327,1989180.577464,0.089868,0.003327,0.000932,"[0.001501256920568739, 0.0051531019810147315]",USD/kg
332919,Treatment,L,6,5077.842813,98.825404,99522148.641894,117589.378855,16.470901,13.717403,"[5.4948941743608195, 27.44690728822029]",USD/kg
334412,Treatment,L,1,49154932.143208,0.002916,6779662.114359,0.137924,0.002916,0.001458,"[5.836575404754522e-05, 0.005772959204445101]",USD/kg
334413,Treatment,L,1,3050946071451.117,3e-06,28748943.061452,9e-06,3e-06,1e-06,"[1.6631359745817607e-06, 4.617486497627118e-06]",USD/kg
336411,Treatment,L,8,48189569.869012,0.069963,732796083.64451,134.496272,0.008745,0.000742,"[0.008231157627685455, 0.009259594983073053]",USD/kg
336413,Treatment,L,7,2792447079.890944,0.000869,274031948.155466,0.688533,0.000124,5.9e-05,"[8.036815924166921e-05, 0.0001679858402303715]",USD/kg
336414,Treatment,L,1,22147615.554432,0.002537,808896697.294092,36.52297,0.002537,2.5e-05,"[0.0024877348952864527, 0.002587201827287091]",USD/kg
336612,Treatment,L,1,1772.496002,16.007067,11434915.974596,6451.307062,16.007067,10.244523,"[-4.071828981996141, 36.08596375564795]",USD/kg
339113,Treatment,L,1,483067.351015,0.39578,31842803.327976,65.917937,0.39578,0.011873,"[0.3725082405019117, 0.419051072877435]",USD/kg
339991,Treatment,L,4,3011219.889873,0.360713,36248348.046028,48.154409,0.090178,0.073946,"[0.01771233476505797, 0.16264411292203312]",USD/kg
339999,Treatment,L,3,3430.871823,9.449785,3417067.250718,2987.238637,3.149928,0.763817,"[2.2856038047174163, 4.0142526513505725]",USD/kg
311119,Treatment,A,16,9417702717.505276,0.002193,449540236.771894,0.763624,0.000137,0.000104,"[8.603337954976996e-05, 0.00018812991397681986]",USD/kg
311225,Treatment,A,9,24425659337.711758,1.7e-05,556613589.508331,0.205082,2e-06,2e-06,"[8.281092998110276e-07, 3.009190331815042e-06]",USD/kg
311511,Treatment,A,1,238857472.019953,1.9e-05,2189837.304718,0.009168,1.9e-05,1e-05,"[8.139960872654932e-09, 3.890479371697021e-05]",USD/kg
311513,Treatment,A,1,308255368.720533,0.000389,31268172.480006,0.101436,0.000389,0.000125,"[0.0001450747054260673, 0.0006331990104770044]",USD/kg
311514,Treatment,A,1,52059574795.91555,3.6e-05,65913342.56697,0.001266,3.6e-05,2.6e-05,"[-1.481168585658524e-05, 8.685750283786013e-05]",USD/kg
311613,Treatment,A,4,1902548842.256544,0.004951,361212245.247231,0.756255,0.001238,0.000619,"[0.0006313248840929618, 0.0018444152668008879]",USD/kg
311615,Treatment,A,3,102232492.173656,0.004807,29570057.115339,0.923033,0.001602,0.000278,"[0.0012881712217591094, 0.001916220448333222]",USD/kg
311999,Treatment,A,12,14748065627.373873,0.00239,148348173.526841,0.122404,0.000199,0.000345,"[3.987169395592416e-06, 0.0003943710937618801]",USD/kg
313230,Treatment,A,21,5530348226.295838,0.01803,638037441.924437,2.406036,0.000859,0.002518,"[-0.0002183952200606388, 0.0019354943516442682]",USD/kg
313320,Treatment,A,18,8148570204.899706,0.004067,268052588.514734,0.7982,0.000226,0.000163,"[0.00015065165408665148, 0.00030120878622503545]",USD/kg
321212,Treatment,A,13,20504968104.608143,0.000778,209152950.363235,0.156291,6e-05,3.5e-05,"[4.1055947059536194e-05, 7.856993402742735e-05]",USD/kg
321219,Treatment,A,12,1398454926634.284,0.000227,376384484.510664,0.004629,1.9e-05,1.8e-05,"[8.908152823185088e-06, 2.8933685889089864e-05]",USD/kg
321911,Treatment,A,2,2029270995.92362,0.000206,26361739.978048,0.02598,0.000103,5.1e-05,"[3.2309361181585486e-05, 0.00017347448714067438]",USD/kg
321918,Treatment,A,6,144062805.268018,0.015003,128261938.394403,5.059647,0.0025,0.001654,"[0.001177220525902565, 0.0038236129975232564]",USD/kg
321999,Treatment,A,13,5114519.585721,0.496741,155269017.772965,350.406755,0.038211,0.107462,"[-0.02020482993670028, 0.09662655216989224]",USD/kg
322121,Treatment,A,1,2661301977795.851,6e-06,121625959.481605,4.6e-05,6e-06,1e-06,"[5.404729121397979e-06, 7.414793301178221e-06]",USD/kg
322122,Treatment,A,1,464644314.245365,4e-06,8578959.542666,0.018463,4e-06,0.0,"[3.897507892170026e-06, 4.053341680254505e-06]",USD/kg
322221,Treatment,A,6,inf,0.001662,297906116.153036,0.447957,0.000277,7e-06,"[0.0002716459732804683, 0.00028250717541407604]",USD/kg
322222,Treatment,A,6,218427168674.33252,0.00014,232019655.194966,0.011174,2.3e-05,2e-06,"[2.196409412041711e-05, 2.4708385493809e-05]",USD/kg
322291,Treatment,A,9,9290788538.165936,0.002732,848821076.876694,0.822244,0.000304,0.000127,"[0.00022027248930335563, 0.0003868690725752921]",USD/kg
323110,Treatment,A,2,155589401653.9412,0.000276,170310971.359717,0.003269,0.000138,4.3e-05,"[7.842738295655725e-05, 0.00019733313207846741]",USD/kg
323117,Treatment,A,1,78704762.762942,0.000227,11652800.363869,0.148057,0.000227,7e-06,"[0.00021346010936680658, 0.00024013076254681093]",USD/kg
324110,Treatment,A,9,2418677173311.6025,0.0036,28835652719.4772,0.136604,0.0004,4.8e-05,"[0.00036868603155037523, 0.0004314126126162085]",USD/kg
324191,Treatment,A,5,1386381.790309,0.518979,98252805.468811,354.340291,0.103796,0.062665,"[0.04886804557267826, 0.1587234422981141]",USD/kg
324199,Treatment,A,10,74876148.461616,0.190874,475219542.811543,64.929064,0.019087,0.018108,"[0.007864214462838186, 0.030310582772142734]",USD/kg
325110,Treatment,A,11,183715034710.01004,0.000713,18678070281.98064,1.9356,6.5e-05,4e-06,"[6.226166661520297e-05, 6.734203850101781e-05]",USD/kg
325120,Treatment,A,18,8240604877.912008,0.004843,577850203.039261,1.348191,0.000269,4.6e-05,"[0.00024798354410094893, 0.0002901743475242011]",USD/kg
325131,Treatment,A,3,13589071473.551126,0.000262,111703738.750128,0.027897,8.7e-05,1.2e-05,"[7.3691435567279e-05, 0.00010109789973287949]",USD/kg
325132,Treatment,A,6,114483930.781206,0.016613,224105139.537534,13.307139,0.002769,0.000475,"[0.0023889190623473727, 0.003148661099915015]",USD/kg
325181,Treatment,A,5,1412923570.875982,0.007858,784090274.173717,3.484574,0.001572,3.5e-05,"[0.0015408832884317074, 0.001602492318220916]",USD/kg
325182,Treatment,A,7,84623316116.75597,0.000771,493665933.385667,0.066646,0.00011,3e-06,"[0.00010803960070013376, 0.00011235934057136268]",USD/kg
325188,Treatment,A,12,12454395640.70259,0.026947,428080072.37512,0.462731,0.002246,0.002023,"[0.00110127089299278, 0.0033899602040904217]",USD/kg
325193,Treatment,A,9,4481389874538.613,8e-06,1448292912.399913,0.004234,1e-06,0.0,"[7.014449968044904e-07, 1.1811116047260207e-06]",USD/kg
325199,Treatment,A,2,683519362544.5632,9.7e-05,253146493.977488,0.001769,4.9e-05,5e-06,"[4.0971208964895434e-05, 5.620874588725013e-05]",USD/kg
325211,Treatment,A,10,3256535731284.22,0.000129,1145624506.195761,0.005437,1.3e-05,6e-06,"[9.395038409688367e-06, 1.650069787589228e-05]",USD/kg
325212,Treatment,A,11,767512800681.2804,1.9e-05,824669589.815943,0.014494,2e-06,0.0,"[1.500232340734261e-06, 1.9773475320100815e-06]",USD/kg
325222,Treatment,A,4,5294792.626316,0.823207,230980009.495121,240.856645,0.205802,0.098785,"[0.10899442622388306, 0.3026092268444605]",USD/kg
325311,Treatment,A,3,3583173380.295145,0.000227,134858100.807956,0.11686,7.6e-05,1e-06,"[7.414562614181136e-05, 7.711018557600426e-05]",USD/kg
325312,Treatment,A,2,4794304882.097662,0.001359,365544073.055403,0.153325,0.000679,4.8e-05,"[0.0006128221543636287, 0.0007459825705015601]",USD/kg
325320,Treatment,A,7,968023198.846577,0.039141,512447445.749647,3.993731,0.005592,0.000592,"[0.005153160010394424, 0.006029895447801552]",USD/kg
325411,Treatment,A,6,1161292979.752667,0.033926,170026049.741,0.897415,0.005654,0.001662,"[0.004324485709094977, 0.00698425192618676]",USD/kg
325412,Treatment,A,6,2871567947.798321,0.010196,655877654.061316,1.394661,0.001699,0.001415,"[0.0005669156039937809, 0.002831734248070885]",USD/kg
325510,Treatment,A,8,1331046607.337387,0.006346,105689583.831882,0.662476,0.000793,0.000157,"[0.0006844348823827938, 0.0009021040199938951]",USD/kg
325520,Treatment,A,3,467841436.182482,0.002478,54604225.798804,0.384396,0.000826,0.000186,"[0.0006156046303115738, 0.0010365713293222494]",USD/kg
325611,Treatment,A,1,594371047.486884,2.1e-05,8532719.511306,0.014356,2.1e-05,1e-06,"[1.8482415263571187e-05, 2.4360332206357526e-05]",USD/kg
325613,Treatment,A,6,1555678444.362435,0.005377,311308071.472168,1.507128,0.000896,6.6e-05,"[0.0008434141726595534, 0.0009487940815934949]",USD/kg
325620,Treatment,A,1,357784.316489,0.439198,152121614.59932,425.176867,0.439198,0.06588,"[0.31007621312008093, 0.5683199354124491]",USD/kg
325991,Treatment,A,7,130468214.625404,0.027357,203803091.022133,11.471969,0.003908,0.004136,"[0.0008442169375463752, 0.006972085247663993]",USD/kg
325992,Treatment,A,6,5578182968.164046,0.001761,181367306.342884,0.221085,0.000293,3.6e-05,"[0.0002646896337888633, 0.00032220416966480974]",USD/kg
326111,Treatment,A,1,371656.640668,0.054943,50154647.60298,134.948881,0.054943,0.033515,"[-0.010745592845364645, 0.12063107245755247]",USD/kg
326112,Treatment,A,1,1424959220.662404,0.000351,202753311.327789,0.142287,0.000351,6e-05,"[0.00023397346923802035, 0.0004678001387061386]",USD/kg
326113,Treatment,A,2,211634203.661074,0.001641,26685194.998268,0.258609,0.00082,0.000151,"[0.0006112563121453661, 0.0010292495163924458]",USD/kg
326121,Treatment,A,10,436697458.577536,0.002603,62667158.399561,1.43314,0.00026,0.000198,"[0.0001378352285942559, 0.00038268206367875375]",USD/kg
326122,Treatment,A,26,14877930079.199305,0.000972,509059494.452904,0.956123,3.7e-05,2.7e-05,"[2.713902626828844e-05, 4.766482621690376e-05]",USD/kg
326191,Treatment,A,15,668025930934.2948,2.6e-05,435716025.843244,0.008616,2e-06,1e-06,"[1.3143282555854827e-06, 2.2131006168171485e-06]",USD/kg
326199,Treatment,A,1,91464944.572755,0.002522,16447176.908898,0.179819,0.002522,0.00053,"[0.0014841335702637647, 0.003560443226386951]",USD/kg
326211,Treatment,A,10,4833516387.390498,0.001263,374582495.425555,0.814007,0.000126,6e-05,"[8.918539130176029e-05, 0.00016346250915003812]",USD/kg
326220,Treatment,A,5,212915350.809026,0.000319,65355633.582172,1.540885,6.4e-05,4.3e-05,"[2.6281393609709802e-05, 0.00010129484135239092]",USD/kg
326291,Treatment,A,24,217573996.025784,0.082268,192314598.324571,24.071612,0.003428,0.004198,"[0.0017482248575691867, 0.005107437863365798]",USD/kg
326299,Treatment,A,7,4494330.649553,0.52002,89264060.987177,145.606287,0.074289,0.035379,"[0.04808000505045219, 0.10049701427643355]",USD/kg
327121,Treatment,A,15,287696280414.2922,0.000228,218481562.984906,0.01165,1.5e-05,1.5e-05,"[7.469177016128702e-06, 2.2991811554352173e-05]",USD/kg
327125,Treatment,A,10,1126790861773.8064,5e-06,98732374.097558,0.001021,1e-06,0.0,"[2.277158827065455e-07, 7.816404708656187e-07]",USD/kg
327212,Treatment,A,8,8166560707.112957,0.003051,63092081.336635,0.064012,0.000381,9.7e-05,"[0.00031406616458632135, 0.00044859757640561065]",USD/kg
327215,Treatment,A,7,5579167711.083205,0.000475,78292385.740812,0.099252,6.8e-05,9e-05,"[1.3575980262067148e-06, 0.00013428007826202687]",USD/kg
327310,Treatment,A,10,404563266005.6561,0.000358,356496211.424906,0.008783,3.6e-05,8e-06,"[3.088831766901183e-05, 4.0711653156917654e-05]",USD/kg
327390,Treatment,A,9,3163954.767985,1.183573,94876935.196492,269.858334,0.131508,0.067069,"[0.08769040496149852, 0.1753257911582076]",USD/kg
327910,Treatment,A,12,10749005617.65785,0.000648,179915379.453089,0.207054,5.4e-05,2e-06,"[5.29788688298711e-05, 5.5097119272615626e-05]",USD/kg
327993,Treatment,A,23,383421960635.62494,0.000137,580650920.358109,0.038459,6e-06,3e-06,"[4.776403606984301e-06, 7.105144181607434e-06]",USD/kg
331111,Treatment,A,25,125911429078.58554,0.030234,5347231010.212759,1.203208,0.001209,0.000181,"[0.0011382619106621722, 0.0012804814042121958]",USD/kg
331112,Treatment,A,6,12606401498.85907,0.000257,1445024064.553808,0.685801,4.3e-05,1e-06,"[4.193011870064845e-05, 4.3606607732288575e-05]",USD/kg
331210,Treatment,A,3,7991403315.742039,2.5e-05,132686220.069009,0.053849,8e-06,4e-06,"[3.428742336148141e-06, 1.3215201451495145e-05]",USD/kg
331222,Treatment,A,1,835909815.05543,7e-05,45353961.231209,0.054257,7e-05,2.4e-05,"[2.3273444186272805e-05, 0.00011625047627646147]",USD/kg
331312,Treatment,A,6,349938282655.78485,2.9e-05,803264895.019373,0.015316,5e-06,0.0,"[4.718054388840659e-06, 4.906696030664834e-06]",USD/kg
331314,Treatment,A,18,393834916740.04095,3.4e-05,1164950992.607173,0.058289,2e-06,1e-06,"[1.5345548182928401e-06, 2.282728625070076e-06]",USD/kg
331315,Treatment,A,4,23080618502.857536,0.000343,423053022.486727,0.091099,8.6e-05,2.7e-05,"[5.887579583939538e-05, 0.00011267228565463364]",USD/kg
331411,Treatment,A,5,3181480.719899,0.116095,2452220643.70963,3853.879826,0.023219,0.000519,"[0.02276395289086439, 0.023674122442512147]",USD/kg
331419,Treatment,A,9,27334357528.664303,0.000311,510880451.050402,0.208428,3.5e-05,2e-05,"[2.1699865800090554e-05, 4.7451278883191175e-05]",USD/kg
331421,Treatment,A,5,25779000963.291965,6.9e-05,621508535.460142,0.122025,1.4e-05,5e-06,"[9.786155633181392e-06, 1.7936452723743753e-05]",USD/kg
331491,Treatment,A,1,56805010.176257,0.022801,31364478.533968,0.552143,0.022801,0.011173,"[0.0009033246835867398, 0.044698811680928166]",USD/kg
331492,Treatment,A,14,16698111067.169428,0.001545,223078232.772179,0.253172,0.00011,1.7e-05,"[0.000101702296137795, 0.00011900546679615268]",USD/kg
331511,Treatment,A,5,2102977174342.3604,7.1e-05,379748390.332991,0.003285,1.4e-05,3e-06,"[1.1612959654046417e-05, 1.6587414192048425e-05]",USD/kg
331513,Treatment,A,5,20581197706.01054,0.0001,184347502.109841,0.044775,2e-05,3e-06,"[1.757026019721805e-05, 2.225344145543403e-05]",USD/kg
332112,Treatment,A,4,2414516307.11852,9.3e-05,37929761.667627,0.062833,2.3e-05,4e-06,"[1.9624422965614634e-05, 2.6922910783600893e-05]",USD/kg
332114,Treatment,A,11,2084196410.54539,0.005606,296698588.03776,1.565854,0.00051,1.7e-05,"[0.0004996826170749859, 0.0005196613925420462]",USD/kg
332115,Treatment,A,2,28648954.529868,0.002977,49704647.711056,3.446585,0.001489,2.1e-05,"[0.0014595195942343942, 0.00151787546507432]",USD/kg
332116,Treatment,A,1,2396615.438251,0.002861,7082613.610376,2.955257,0.002861,0.002403,"[-0.0018492683405004874, 0.007571282246765344]",USD/kg
332212,Treatment,A,7,1450309497.023572,0.001293,68258730.408167,0.329405,0.000185,0.000166,"[6.16163517224789e-05, 0.0003077726775988316]",USD/kg
332312,Treatment,A,4,10998963460.627048,1.5e-05,30073270.334134,0.010933,4e-06,1e-06,"[2.7901868929635316e-06, 4.900462236598028e-06]",USD/kg
332321,Treatment,A,12,3844596060.881356,0.001608,164913108.662015,0.575569,0.000134,0.000218,"[1.0562555413854487e-05, 0.0002574650315582546]",USD/kg
332322,Treatment,A,3,15362111.920245,0.01196,79481402.150097,14.953534,0.003987,0.002624,"[0.0010174272748950737, 0.0069557131263158125]",USD/kg
332439,Treatment,A,11,29776764715.82145,0.000156,483496790.765844,0.203068,1.4e-05,3e-06,"[1.2514261833419164e-05, 1.5849816106426202e-05]",USD/kg
332811,Treatment,A,4,36811828.158236,0.018134,30404919.177955,3.084845,0.004533,0.002267,"[0.0023120685769824137, 0.006754706948394321]",USD/kg
332812,Treatment,A,6,92093439329.52243,0.000216,71314474.938005,0.005829,3.6e-05,2.5e-05,"[1.6229717197185206e-05, 5.5708910776204864e-05]",USD/kg
332813,Treatment,A,1,66861559.707958,0.002939,3189966.47767,0.04771,0.002939,0.000617,"[0.0017294459898585422, 0.004148948843532712]",USD/kg
332998,Treatment,A,8,622723245.601677,0.003222,99749808.67827,1.281161,0.000403,1.1e-05,"[0.00039481520479434806, 0.0004106010737800286]",USD/kg
333111,Treatment,A,5,1486897.235405,0.126817,89813203.255892,301.995128,0.025363,0.026089,"[0.002496173131940619, 0.04823051253086448]",USD/kg
333132,Treatment,A,1,148508.612681,0.128689,35787174.5847,240.977098,0.128689,0.059197,"[0.012665114442320546, 0.2447125774245799]",USD/kg
333415,Treatment,A,2,6316130822.439194,1e-05,43007644.103496,0.01362,5e-06,1e-06,"[3.6828056821744657e-06, 5.947907892354106e-06]",USD/kg
333996,Treatment,A,1,18664.057642,0.319324,17148818.583627,918.815132,0.319324,0.086217,"[0.15034062515033664, 0.48830644363754216]",USD/kg
333999,Treatment,A,3,5722070721.435745,9.3e-05,65942264.956919,0.029653,3.1e-05,3e-06,"[2.785454063651696e-05, 3.390706696259467e-05]",USD/kg
334412,Treatment,A,2,365535057009.1449,1e-06,8546482.144035,4.9e-05,1e-06,0.0,"[1.0449731860450288e-08, 1.0335834208297426e-06]",USD/kg
334413,Treatment,A,1,53771281831.81628,0.000173,27863452.002064,0.000518,0.000173,4.1e-05,"[9.145868160775166e-05, 0.00025392345176152633]",USD/kg
334418,Treatment,A,2,57431388.000654,0.007336,62226519.846914,2.147978,0.003668,0.002594,"[7.342646822402002e-05, 0.0072626150814131115]",USD/kg
334419,Treatment,A,7,1164698846.893942,0.001303,183474048.195332,1.05747,0.000186,0.000217,"[2.56128060068253e-05, 0.00034662348221086277]",USD/kg
335911,Treatment,A,2,14316269411.371895,7e-06,29086271.665625,0.00405,3e-06,0.0,"[2.7833129741327753e-06, 3.818450459242261e-06]",USD/kg
335991,Treatment,A,18,4617588119.101729,0.006521,393314781.319041,2.490507,0.000362,0.000231,"[0.0002557524237556856, 0.00046875314777570593]",USD/kg
335999,Treatment,A,7,2951496.533088,0.315378,83789078.207912,196.930104,0.045054,0.050065,"[0.007966225056967396, 0.0821417336337137]",USD/kg
336311,Treatment,A,8,15162202.396488,0.062093,362932372.832958,191.469772,0.007762,0.002195,"[0.006240352328294325, 0.00928284263325793]",USD/kg
336312,Treatment,A,2,128080825.17849,0.002071,22020247.849466,0.337203,0.001035,0.000264,"[0.0006700290292273206, 0.0014004972929022113]",USD/kg
336330,Treatment,A,1,10455055.356208,0.000136,656788.266705,0.06282,0.000136,9.7e-05,"[-5.341441690614329e-05, 0.00032623313512201573]",USD/kg
336340,Treatment,A,15,14164295.239091,1.557936,304751902.931185,331.705767,0.103862,0.128722,"[0.03872108886251226, 0.16900365284442925]",USD/kg
336350,Treatment,A,10,30587163754.500465,0.001371,571651374.344225,0.199386,0.000137,1.7e-05,"[0.00012634801385066072, 0.00014784429593106178]",USD/kg
336391,Treatment,A,16,398819440.263992,0.0107,709908681.410054,28.479912,0.000669,2.7e-05,"[0.0006556604535724205, 0.0006818756800720618]",USD/kg
336399,Treatment,A,7,4618180230.25735,0.000926,284895059.315929,0.440744,0.000132,5.3e-05,"[9.341251511754095e-05, 0.0001712101487054611]",USD/kg
336411,Treatment,A,17,873318925.401228,0.017052,1683981760.082155,32.780498,0.001003,0.000124,"[0.0009440767156995054, 0.00106203384939736]",USD/kg
336413,Treatment,A,4,606272928.352274,0.000878,104685948.780552,0.695361,0.000219,7.9e-05,"[0.0001420390743010427, 0.0002968906276707857]",USD/kg
336415,Treatment,A,1,9671730.445515,0.001301,47588909.829026,4.920413,0.001301,1.3e-05,"[0.001275853917537761, 0.001326866296348271]",USD/kg
336611,Treatment,A,6,79186099.223948,0.061838,236107351.073816,17.721655,0.010306,0.000757,"[0.009700309968719366, 0.010912309736177947]",USD/kg
337110,Treatment,A,7,504086877.833724,0.019526,50027696.059656,0.650977,0.002789,0.001107,"[0.001969319213013058, 0.003609446067095287]",USD/kg
337211,Treatment,A,1,72301618.178221,2.3e-05,4316351.645015,0.059699,2.3e-05,1.2e-05,"[9.484037917978821e-09, 4.532878530688973e-05]",USD/kg
337214,Treatment,A,4,70801412.234654,0.001543,38143932.996153,2.154826,0.000386,0.00044,"[-4.5197677957042306e-05, 0.0008166242341426987]",USD/kg
339112,Treatment,A,3,926333608.17689,0.000763,103413520.263604,0.334908,0.000254,6.6e-05,"[0.00017967230940457783, 0.00032931050804813376]",USD/kg
339113,Treatment,A,16,3245279521.324601,0.014084,444308422.692124,2.345761,0.00088,0.000106,"[0.0008285066533911939, 0.0009320239507235575]",USD/kg
339991,Treatment,A,14,37430547484.11062,0.000519,167298258.224934,0.069321,3.7e-05,5.7e-05,"[7.285101316142723e-06, 6.689568918088879e-05]",USD/kg
311615,Treatment,S,4,104411225.52384,0.027429,137480419.159878,5.267265,0.006857,0.001371,"[0.005513188424201836, 0.00820114920712392]",USD/kg
321219,Treatment,S,5,5661396840.78359,0.003558,82135883.967355,0.072546,0.000712,0.00043,"[0.00033507077508222315, 0.0010883100850728957]",USD/kg
322121,Treatment,S,1,70477067.636347,0.036499,18340953.713792,0.26024,0.036499,0.00292,"[0.03077626400664295, 0.0422222152241226]",USD/kg
324110,Treatment,S,1,19653.756605,75.997329,56669760.585176,2883.406044,75.997329,3.039893,"[70.03924798311604, 81.95541021993421]",USD/kg
325188,Treatment,S,2,132992369.094604,0.01323,14636603.36724,0.227178,0.006615,0.002432,"[0.0032440120361532498, 0.009985800745413826]",USD/kg
325199,Treatment,S,1,2281139.900256,0.916618,38067560.781925,16.687955,0.916618,0.073329,"[0.772894612224359, 1.0603406136579108]",USD/kg
325211,Treatment,S,1,2097393854036.4365,1e-06,85009434.630132,4.1e-05,1e-06,0.0,"[7.00360843447225e-07, 1.2300580559532889e-06]",USD/kg
325320,Treatment,S,1,115066446.875374,0.00098,11502184.206828,0.099961,0.00098,3.9e-05,"[0.0009028685380133816, 0.001056478525089197]",USD/kg
325510,Treatment,S,2,6234525.00369,0.061733,20088475.709371,6.444339,0.030867,0.003056,"[0.026631787303371533, 0.03510142893704419]",USD/kg
325520,Treatment,S,4,1040214271.198303,0.001448,58422366.471154,0.224645,0.000362,9.4e-05,"[0.0002698241827542115, 0.0004543370826487497]",USD/kg
325992,Treatment,S,1,1292226.901807,0.025465,4132075.389047,3.197639,0.025465,0.001273,"[0.022969858305882548, 0.027960989695081182]",USD/kg
325998,Treatment,S,3,26711803.371271,0.177334,137180694.957222,15.185486,0.059111,0.006143,"[0.05215986026295261, 0.06606256160446722]",USD/kg
326121,Treatment,S,9,494291.558522,1.681452,50852700.461899,925.908422,0.186828,0.134516,"[0.09894573767546806, 0.2747103151497418]",USD/kg
326130,Treatment,S,5,1738297.79433,0.211328,17325072.166283,49.837746,0.042266,0.010396,"[0.033153315827686686, 0.05137791411615508]",USD/kg
327993,Treatment,S,1,1571.10601,44.83698,19827507.830425,12620.095466,44.83698,4.483698,"[36.0490934047478, 53.62486660097871]",USD/kg
331511,Treatment,S,1,3176955.029999,0.107648,15932788.093178,5.015113,0.107648,0.009688,"[0.0886588821254213, 0.1266362446291578]",USD/kg
331513,Treatment,S,3,784246.346936,0.649833,78134320.60764,292.25057,0.216611,0.022511,"[0.19113802102758215, 0.2420839938112176]",USD/kg
331524,Treatment,S,5,218207531.907202,0.001341,16650174.365289,0.381513,0.000268,6e-06,"[0.00026284649780903007, 0.0002733558711243754]",USD/kg
332111,Treatment,S,1,3292423.995736,0.004688,10595915.386929,3.218272,0.004688,0.002766,"[-0.0007330913543807348, 0.010108934942614778]",USD/kg
333611,Treatment,S,1,542256.37151,0.062626,68080386.043567,125.550182,0.062626,0.021293,"[0.02089287498291168, 0.10435957171223567]",USD/kg
336415,Treatment,S,3,331365.991876,1.048086,402015907.712392,3962.788147,0.349362,0.006051,"[0.34251451458033616, 0.3562092486918948]",USD/kg
336612,Treatment,S,1,32207.866611,0.425218,5519630.108194,171.375216,0.425218,0.27214,"[-0.10816576641280945, 0.9586026190277306]",USD/kg
322121,Energy recovery,L,1,8194413.330007,0.051459,3006586.23193,0.366907,0.051459,0.004117,"[0.043390795077830925, 0.0595281964089772]",USD/kg
322222,Energy recovery,L,1,305256.07054,0.023182,564746.015692,1.850073,0.023182,0.000695,"[0.021818648004152258, 0.024544766694438225]",USD/kg
324110,Energy recovery,L,1,206820864.291428,0.001444,11328827.235516,0.054776,0.001444,5.8e-05,"[0.001330534913725958, 0.0015569061320110458]",USD/kg
325110,Energy recovery,L,1,4168529.160239,0.000478,5416054.426363,1.299272,0.000478,1e-05,"[0.0004597247723349492, 0.0004972369838698201]",USD/kg
325120,Energy recovery,L,1,6793844.202865,0.010937,20682196.423528,3.044255,0.010937,0.000437,"[0.01007917732388516, 0.01179400316316355]",USD/kg
325132,Energy recovery,L,1,461821.244513,4.9e-05,18143.628598,0.039287,4.9e-05,3e-06,"[4.231732798517006e-05, 5.577540343636604e-05]",USD/kg
325181,Energy recovery,L,1,17389878.089316,0.00438,33771341.029676,1.942011,0.00438,4.4e-05,"[0.0042938002516820445, 0.004465478969726961]",USD/kg
325188,Energy recovery,L,1,428087.645788,5.84679,42979597.250318,100.39906,5.84679,1.520166,"[2.8673207627372634, 8.826260041819921]",USD/kg
325199,Energy recovery,L,1,58984390.903382,0.012121,13015951.325871,0.220668,0.012121,0.00097,"[0.010220119357250288, 0.014021067632669838]",USD/kg
325211,Energy recovery,L,1,45612921.677029,0.002025,3878527.89215,0.085031,0.002025,0.000283,"[0.0014693110609802636, 0.002580581030721541]",USD/kg
325320,Energy recovery,L,1,2387820.247965,0.074368,18119089.110961,7.588129,0.074368,0.002975,"[0.06853740140559203, 0.08019804622913212]",USD/kg
325412,Energy recovery,L,1,1154183.372327,0.010198,1610051.41283,1.39497,0.010198,0.003467,"[0.003402248725886888, 0.016994177210290923]",USD/kg
325520,Energy recovery,L,1,5489597.075351,0.000828,705042.871204,0.128433,0.000828,0.000108,"[0.000617049008585375, 0.001039003411593236]",USD/kg
325998,Energy recovery,L,1,14973845853.554953,8e-06,10626860.600329,0.00071,8e-06,0.0,"[7.313084472063131e-06, 9.26231571593162e-06]",USD/kg
326140,Energy recovery,L,1,1855152.529773,0.010012,9006124.411557,4.854654,0.010012,0.002203,"[0.005694810367542742, 0.014328857142187474]",USD/kg
327310,Energy recovery,L,1,36423559.344463,0.027139,24249991.091439,0.665778,0.027139,0.0019,"[0.02341524778821359, 0.030861941292885307]",USD/kg
327420,Energy recovery,L,1,48245.717113,1.062407,15263242.450018,316.364713,1.062407,0.169985,"[0.729242488134489, 1.3955720982306592]",USD/kg
327992,Energy recovery,L,1,12661225.380433,0.013242,15325811.886518,1.210452,0.013242,0.002781,"[0.007791745701076499, 0.0186924335915379]",USD/kg
331315,Energy recovery,L,1,10428534311.59821,2.3e-05,64678578.25196,0.006202,2.3e-05,4e-06,"[1.6033132758788524e-05, 3.0683062341352056e-05]",USD/kg
311119,Energy recovery,A,1,1529026.242296,0.001252,666397.924445,0.435832,0.001252,0.000238,"[0.0007856449324568839, 0.0017179763753664282]",USD/kg
311411,Energy recovery,A,1,4189882.455599,0.00084,155657.743474,0.037151,0.00084,0.000218,"[0.00041194899638203713, 0.0012680719273847642]",USD/kg
311513,Energy recovery,A,1,39456280.54807,0.011979,123202660.378047,3.122511,0.011979,0.003833,"[0.004465846491950831, 0.019491816794255358]",USD/kg
311999,Energy recovery,A,1,466213.462721,4e-06,105.146451,0.000226,4e-06,2e-06,"[8.815786772649e-08, 8.719698430029942e-06]",USD/kg
312111,Energy recovery,A,1,550059291.129424,0.000461,52050288.370322,0.094627,0.000461,7.4e-05,"[0.0003161399752826305, 0.0006050060656345118]",USD/kg
313311,Energy recovery,A,3,3361026415.455285,0.000181,24342098.197009,0.021727,6e-05,7e-06,"[5.1963248577932174e-05, 6.848899236535042e-05]",USD/kg
313320,Energy recovery,A,1,58215067.420994,2.4e-05,277114.998617,0.00476,2.4e-05,4e-06,"[1.617183349837681e-05, 3.233352045559154e-05]",USD/kg
321212,Energy recovery,A,8,4499517832.780498,0.000929,107715178.112125,0.186808,0.000116,5.3e-05,"[7.974280417482582e-05, 0.00015260607322229198]",USD/kg
321219,Energy recovery,A,6,3076158841.089786,0.014631,150946682.764039,0.298289,0.002439,0.001613,"[0.0011480958560689959, 0.003729016051858527]",USD/kg
322121,Energy recovery,A,1,76282870474.98999,1.3e-05,6803196.990556,8.9e-05,1.3e-05,1e-06,"[1.0546972882150146e-05, 1.4469480730247442e-05]",USD/kg
322130,Energy recovery,A,1,662668592.92943,0.012734,197872498.934485,0.298599,0.012734,0.000255,"[0.012235290111534269, 0.013233654390498959]",USD/kg
322222,Energy recovery,A,1,4071446.718488,0.028325,9203568.747667,2.260516,0.028325,0.00085,"[0.026659160831231817, 0.029990074671334552]",USD/kg
323110,Energy recovery,A,1,565005691.303988,0.000644,4311944.805544,0.007632,0.000644,0.000142,"[0.00036619539301866084, 0.0009213935379828441]",USD/kg
324110,Energy recovery,A,1,143439770.084327,0.018821,102426403.948351,0.714073,0.018821,0.000753,"[0.01734514820342463, 0.02029617360654557]",USD/kg
324191,Energy recovery,A,1,109982926.273884,6e-06,454252.809765,0.00413,6e-06,2e-06,"[2.8480446169454283e-06, 9.250450680453051e-06]",USD/kg
324199,Energy recovery,A,1,5427956.345235,0.000786,1451245.363026,0.267365,0.000786,0.000236,"[0.0003238327050889795, 0.0012481294932010262]",USD/kg
325110,Energy recovery,A,1,9312759.247452,0.00146,36923362.350159,3.964814,0.00146,2.9e-05,"[0.001402880235974446, 0.00151735120499071]",USD/kg
325120,Energy recovery,A,1,58209448.971234,0.001567,25388000.654969,0.436149,0.001567,6.3e-05,"[0.0014440393354368736, 0.0016897216848755904]",USD/kg
325181,Energy recovery,A,1,1509981.424179,0.133702,89520856.380251,59.286065,0.133702,0.001337,"[0.1310818890903352, 0.1363229271822024]",USD/kg
325188,Energy recovery,A,1,7127269.005535,0.007697,941960.565732,0.132163,0.007697,0.002001,"[0.0037744719632369847, 0.011618676048048707]",USD/kg
325199,Energy recovery,A,2,23704881.053937,0.883387,110228643.913783,16.082957,0.441693,0.049972,"[0.37243720143862474, 0.510949726491081]",USD/kg
325211,Energy recovery,A,1,35088570439.46703,7e-06,9731949.251694,0.000277,7e-06,1e-06,"[4.792574593304857e-06, 8.417296658441642e-06]",USD/kg
325212,Energy recovery,A,1,503147267.465085,4e-06,1344798.696737,0.002673,4e-06,0.0,"[3.0430787477346577e-06, 4.01086157668114e-06]",USD/kg
325222,Energy recovery,A,1,15395319.698202,0.011214,50513647.182955,3.281104,0.011214,0.002691,"[0.0059391687263166595, 0.016489350131334214]",USD/kg
325311,Energy recovery,A,1,6975536.18876,0.024114,86639062.868945,12.420416,0.024114,0.000241,"[0.02364160892863513, 0.024586869740848595]",USD/kg
325320,Energy recovery,A,1,505133553.721999,0.000368,18964790.152251,0.037544,0.000368,1.5e-05,"[0.0003391054171989765, 0.00039679928575251966]",USD/kg
325411,Energy recovery,A,1,62027285.846198,0.000489,802491.028769,0.012938,0.000489,5.9e-05,"[0.00037406718187449534, 0.0006041364479562484]",USD/kg
325412,Energy recovery,A,1,10086507.682317,0.005013,6916418.041032,0.68571,0.005013,0.001704,"[0.0016724053203409223, 0.008353637453093104]",USD/kg
325510,Energy recovery,A,1,189495297.579394,3e-06,51162.15384,0.00027,3e-06,0.0,"[2.2315279569663624e-06, 2.941215289465975e-06]",USD/kg
325520,Energy recovery,A,1,5582965.317799,0.000987,854597.419641,0.153072,0.000987,0.000128,"[0.0007354298439737688, 0.0012383361876360654]",USD/kg
325611,Energy recovery,A,1,16775265.795928,1.3e-05,142699.239716,0.008507,1.3e-05,1e-06,"[1.0951690187186414e-05, 1.4434629207082219e-05]",USD/kg
325613,Energy recovery,A,1,2139002.783979,0.000242,145160.465598,0.067864,0.000242,7e-06,"[0.00022786567105498393, 0.0002563362190293281]",USD/kg
325992,Energy recovery,A,1,60348330.998769,0.000416,3155546.850545,0.052289,0.000416,2.1e-05,"[0.0003756109343797203, 0.0004572276121904292]",USD/kg
325998,Energy recovery,A,1,83294183.558389,0.000872,6218789.110008,0.074661,0.000872,5.2e-05,"[0.0007693431972603502, 0.0009744041128133311]",USD/kg
326112,Energy recovery,A,1,536870.740183,1.139867,248154557.65518,462.224031,1.139867,0.193777,"[0.7600700423667099, 1.519663201146181]",USD/kg
326113,Energy recovery,A,3,1121090972.753555,0.001105,64954707.216606,0.174118,0.000368,8.3e-05,"[0.0002743678705250732, 0.000461987864076894]",USD/kg
326130,Energy recovery,A,1,211611698.563313,1.4e-05,677683.016466,0.003202,1.4e-05,1e-06,"[1.0651861449858026e-05, 1.6507260558564026e-05]",USD/kg
326140,Energy recovery,A,2,3713566.494727,0.025707,23144967.039468,12.464938,0.012853,0.003999,"[0.007311072498506696, 0.018395575379357324]",USD/kg
326211,Energy recovery,A,1,597872788.289315,2e-06,845216.697473,0.001414,2e-06,0.0,"[1.5489052193628148e-06, 2.838894687763048e-06]",USD/kg
326220,Energy recovery,A,4,4609299436.162249,1.3e-05,74298071.621403,0.064506,3e-06,2e-06,"[1.3752666687622373e-06, 5.300610047483711e-06]",USD/kg
326291,Energy recovery,A,1,186226.684545,0.00361,196730.608633,1.056404,0.00361,0.000903,"[0.0018413374492259587, 0.0053794662435394805]",USD/kg
326299,Energy recovery,A,4,18038568.840118,0.030893,39009292.26344,8.650081,0.007723,0.00278,"[0.0049985333085435825, 0.010447953837417675]",USD/kg
327310,Energy recovery,A,3,5987714603.464538,0.001822,77748425.535274,0.044703,0.000607,7.4e-05,"[0.0005240625918372577, 0.0006907289254150015]",USD/kg
331111,Energy recovery,A,1,1478564.512825,0.139699,8220067.860273,5.559492,0.139699,0.004191,"[0.13148507812834104, 0.14791340718480533]",USD/kg
331210,Energy recovery,A,3,163931090.296321,0.001222,143973408.336103,2.634732,0.000407,0.000212,"[0.0001677624059900405, 0.0006465968491632127]",USD/kg
332439,Energy recovery,A,1,1729300145.054562,1e-05,22064244.07519,0.012759,1e-05,1e-06,"[8.649164139896024e-06, 1.0954514370600528e-05]",USD/kg
332812,Energy recovery,A,5,76044628.327689,0.094012,40490994.97419,2.539291,0.018802,0.011772,"[0.008483861644480142, 0.029121067585329247]",USD/kg
332813,Energy recovery,A,1,1576358.501321,0.65501,16760374.304874,10.632337,0.65501,0.137552,"[0.38541277687196424, 0.9246070153462613]",USD/kg
332999,Energy recovery,A,1,72381594.855208,4.6e-05,1429305.688494,0.019747,4.6e-05,7e-06,"[3.179304572020774e-05, 6.0843256182723743e-05]",USD/kg
334412,Energy recovery,A,2,10275919.413711,0.074289,18055934.65873,3.514223,0.037145,0.026265,"[0.0007435606770285763, 0.07354561805230483]",USD/kg
334413,Energy recovery,A,1,12537.115972,0.120438,4530.79323,0.36139,0.120438,0.028905,"[0.0637847717536966, 0.17709034428227532]",USD/kg
335991,Energy recovery,A,1,767474.64757,0.001883,551881.69873,0.719088,0.001883,0.000282,"[0.001329188312534636, 0.0024361888592793366]",USD/kg
336312,Energy recovery,A,1,2530491.420306,0.005114,2107356.516909,0.832785,0.005114,0.00092,"[0.0033095177122137286, 0.00691756684350275]",USD/kg
336413,Energy recovery,A,1,720690089.818542,0.000104,59329402.190049,0.082323,0.000104,1.9e-05,"[6.726343251659578e-05, 0.0001405942892645074]",USD/kg
339112,Energy recovery,A,1,11547.395593,4.374429,22158317.002958,1918.901697,4.374429,0.656164,"[3.0883703214025116, 5.660487155490008]",USD/kg
339999,Energy recovery,A,1,168450581.728379,6e-06,302331.357402,0.001795,6e-06,1e-06,"[4.119675095109178e-06, 7.235469524119716e-06]",USD/kg
313320,Energy recovery,S,1,306972159.191754,1e-06,42633.07671,0.000139,1e-06,0.0,"[4.7182649041823155e-07, 9.43356947185927e-07]",USD/kg
322121,Energy recovery,S,1,19073186265.684032,8e-06,1025908.627084,5.4e-05,8e-06,1e-06,"[6.3610270403717225e-06, 8.72674645262554e-06]",USD/kg
322130,Energy recovery,S,1,5060525783.936631,8e-06,904617.554399,0.000179,8e-06,0.0,"[7.3247800775528976e-06, 7.922460942823695e-06]",USD/kg
324110,Energy recovery,S,1,257554.351743,0.19253,1881370.353329,7.304751,0.19253,0.007701,"[0.1774357284160882, 0.20762384418403315]",USD/kg
325199,Energy recovery,S,1,23480013.170055,0.01663,7108868.564521,0.302763,0.01663,0.00133,"[0.01402230145685882, 0.01923731320738698]",USD/kg
325211,Energy recovery,S,1,2599656.363204,0.019583,2137771.279138,0.822328,0.019583,0.002742,"[0.01420953983946617, 0.02495650508514137]",USD/kg
325412,Energy recovery,S,1,1153693.798208,0.003018,476212.38971,0.412772,0.003018,0.001026,"[0.001006725945495396, 0.005028579771306005]",USD/kg
325991,Energy recovery,S,1,228694758.523503,2e-06,187599.813243,0.00082,2e-06,1e-06,"[4.225618799888721e-07, 3.489787184628403e-06]",USD/kg
326112,Energy recovery,S,1,609124835.216014,0.000181,44621984.988488,0.073256,0.000181,3.1e-05,"[0.00012046022600303459, 0.00024084487278113741]",USD/kg
326113,Energy recovery,S,2,7687381935.031792,5.6e-05,33853249.485468,0.008808,2.8e-05,5e-06,"[2.081837288539475e-05, 3.505452589792548e-05]",USD/kg
327310,Energy recovery,S,2,101267759.937532,0.037623,47732817.311705,0.922992,0.018812,0.001862,"[0.01623070933714757, 0.02139252179757306]",USD/kg
327992,Energy recovery,S,1,63453897.233115,0.000504,2921991.796724,0.046049,0.000504,0.000106,"[0.0002964201417137459, 0.0007111132763756567]",USD/kg
331315,Energy recovery,S,1,6217208483.27861,6.5e-05,107023182.815743,0.017214,6.5e-05,1e-05,"[4.450037081018976e-05, 8.516162576112211e-05]",USD/kg
311119,Recycling,W,1,27840417.333259,1.1e-05,106237.350274,0.003816,1.1e-05,2e-06,"[6.878743350786035e-06, 1.5041805885393217e-05]",USD/kg
311411,Recycling,W,1,577234531.02271,1.2e-05,318060.261076,0.000551,1.2e-05,3e-06,"[6.109865723690378e-06, 1.8807544798863843e-05]",USD/kg
311412,Recycling,W,1,32384472.546551,0.000131,2958583.621944,0.091358,0.000131,3.8e-05,"[5.6370359719528975e-05, 0.00020483907318472532]",USD/kg
311513,Recycling,W,4,484009831.267128,0.010961,346227418.675033,2.857231,0.00274,0.001754,"[0.0010216102307684565, 0.004458961921142303]",USD/kg
311514,Recycling,W,4,170356328.49653,0.144569,215188646.859065,5.081248,0.036142,0.052045,"[-0.014860798949162812, 0.08714550790488876]",USD/kg
311615,Recycling,W,2,201294353.935092,1.2e-05,225025.863901,0.002236,6e-06,1e-06,"[4.680082802520443e-06, 6.961862068177278e-06]",USD/kg
311999,Recycling,W,1,762595849.753357,7e-06,289409.151883,0.00038,7e-06,4e-06,"[1.4834369540551165e-07, 1.4672681194438714e-05]",USD/kg
316110,Recycling,W,4,597604592.031592,0.000845,25441502.742536,0.170766,0.000211,4.2e-05,"[0.00016980846325334895, 0.00025259875712931924]",USD/kg
321113,Recycling,W,1,1802137452.854932,6.2e-05,4931340.962389,0.002736,6.2e-05,7e-06,"[4.7707084507151584e-05, 7.704923065442603e-05]",USD/kg
321211,Recycling,W,1,650177.549576,0.196797,30644882.040531,47.133098,0.196797,0.033455,"[0.1312253967198294, 0.2623684599250662]",USD/kg
321219,Recycling,W,1,38104758.00397,0.000151,117597.509025,0.003086,0.000151,4.1e-05,"[7.127082762267409e-05, 0.00023148769227699577]",USD/kg
322121,Recycling,W,1,452935063574.4603,1e-06,2291603.526802,5e-06,1e-06,0.0,"[5.983362969894265e-07, 8.208625940575228e-07]",USD/kg
322130,Recycling,W,1,22330086593.13755,4e-06,2233156.273743,0.0001,4e-06,0.0,"[4.0978299190378935e-06, 4.432200986266081e-06]",USD/kg
322222,Recycling,W,2,11654666869.754435,8.5e-05,29157945.333399,0.006792,4.3e-05,2e-06,"[4.005021530048172e-05, 4.505426690165527e-05]",USD/kg
324110,Recycling,W,1,492744429.560329,0.000539,10078231.73984,0.020453,0.000539,2.2e-05,"[0.0004968191036410566, 0.0005813456685574096]",USD/kg
324122,Recycling,W,1,2094065561.759449,4.2e-05,32880172.742419,0.015702,4.2e-05,3e-06,"[3.5100502782593594e-05, 4.815467474030284e-05]",USD/kg
324199,Recycling,W,1,2838731085.566545,1e-06,885693.202846,0.000312,1e-06,0.0,"[3.7789858602581806e-07, 1.4565124622857004e-06]",USD/kg
325120,Recycling,W,1,10230976450.432272,7e-06,19553849.407646,0.001911,7e-06,0.0,"[6.327893947426117e-06, 7.4044933265783115e-06]",USD/kg
325131,Recycling,W,3,444666434.975544,0.005773,90317342.792739,0.614286,0.001924,0.000267,"[0.001622686462628351, 0.0022261771945930806]",USD/kg
325132,Recycling,W,1,5462400.161082,0.000747,3270480.782596,0.598726,0.000747,5.2e-05,"[0.000644905509033772, 0.0008500032175306328]",USD/kg
325181,Recycling,W,1,5536757012.900226,1.4e-05,33734429.152201,0.006093,1.4e-05,0.0,"[1.3471252275050275e-05, 1.4009872421652186e-05]",USD/kg
325188,Recycling,W,1,120170613.251468,0.001536,3168891.267672,0.02637,0.001536,0.000399,"[0.0007531052809130596, 0.0023182279201511115]",USD/kg
325199,Recycling,W,1,5571281416.670078,0.000142,14372318.638982,0.00258,0.000142,1.1e-05,"[0.00011947826077046665, 0.0001639132300062678]",USD/kg
325211,Recycling,W,1,95858267536.816,1e-06,4517727.904444,4.7e-05,1e-06,0.0,"[8.143764665723192e-07, 1.4303060238997214e-06]",USD/kg
325311,Recycling,W,1,15398951919.908094,1e-06,4303092.780325,0.000279,1e-06,0.0,"[5.319005339888653e-07, 5.53167476196259e-07]",USD/kg
325320,Recycling,W,1,1436335118.503376,0.000234,34289525.549482,0.023873,0.000234,9e-06,"[0.00021562474591800893, 0.0002523101691431567]",USD/kg
325411,Recycling,W,1,158127925.41611,0.001108,4633735.764929,0.029304,0.001108,0.000133,"[0.0008472564650648729, 0.0013683598458097163]",USD/kg
325412,Recycling,W,1,170421867682.34955,2e-06,43650166.765039,0.000256,2e-06,1e-06,"[6.246859179459378e-07, 3.12029602937956e-06]",USD/kg
325510,Recycling,W,2,9782243.403742,0.005648,2629957.146762,0.589618,0.002824,0.00028,"[0.0024366464307015567, 0.0032115670855160806]",USD/kg
325520,Recycling,W,1,2328305929.93117,3e-06,968080.685637,0.000416,3e-06,0.0,"[1.9976348858060035e-06, 3.3636703610114125e-06]",USD/kg
325613,Recycling,W,1,1502783265.595501,1.5e-05,6501379.650378,0.004326,1.5e-05,0.0,"[1.452616845942239e-05, 1.634113239889003e-05]",USD/kg
325620,Recycling,W,5,126723.254134,0.75259,18466116.830261,728.563714,0.150518,0.050485,"[0.10626649522439036, 0.19476943134314129]",USD/kg
325920,Recycling,W,1,246505.574281,0.162202,39805769.555936,161.4802,0.162202,0.056771,"[0.05093335259892855, 0.2734698829480441]",USD/kg
325992,Recycling,W,1,15946197059.196587,1e-06,1074379.921264,6.7e-05,1e-06,0.0,"[4.839824506605707e-07, 5.891472265658108e-07]",USD/kg
325998,Recycling,W,1,242395808.159786,0.000519,10772576.466197,0.044442,0.000519,3.1e-05,"[0.0004579556743851898, 0.0005800192868360717]",USD/kg
326112,Recycling,W,1,556757632.718883,0.000804,181476282.413574,0.325952,0.000804,0.000137,"[0.0005359876577290736, 0.001071639025770768]",USD/kg
326121,Recycling,W,2,242362787.66333,0.000265,15893286.702873,0.145706,0.000132,4.5e-05,"[7.006795918635807e-05, 0.00019453481880256864]",USD/kg
326199,Recycling,W,1,2382853286.232466,8.1e-05,13780247.961357,0.005783,8.1e-05,1.7e-05,"[4.773050500369599e-05, 0.00011450569991637298]",USD/kg
326291,Recycling,W,1,325466.586787,0.000125,11950.343085,0.036718,0.000125,3.1e-05,"[6.399960979999199e-05, 0.00018697482129822628]",USD/kg
326299,Recycling,W,1,194940857.246846,2.4e-05,1308728.031913,0.006713,2.4e-05,4e-06,"[1.5517757151786686e-05, 3.243527658503581e-05]",USD/kg
327112,Recycling,W,1,18505100409.77222,3e-06,9411382.428132,0.000509,3e-06,0.0,"[2.729462827237077e-06, 2.8385947503971615e-06]",USD/kg
327113,Recycling,W,1,3725819523.151108,1e-06,3126168.144171,0.000839,1e-06,0.0,"[6.588571237033134e-07, 1.1571642251506635e-06]",USD/kg
327125,Recycling,W,1,480678429.717654,3e-06,293556.373446,0.000611,3e-06,1e-06,"[1.3616522604410607e-06, 4.673905488524765e-06]",USD/kg
327215,Recycling,W,1,439768064.810879,9e-05,8235366.96402,0.018727,9e-05,4.5e-05,"[1.7930400356180241e-06, 0.00017734966585247113]",USD/kg
327310,Recycling,W,1,3732734248.270958,0.000224,20558064.619604,0.005508,0.000224,1.6e-05,"[0.00019369781119123723, 0.00025529904836426307]",USD/kg
327320,Recycling,W,1,152008046.059322,0.009023,27559309.031133,0.181302,0.009023,0.002617,"[0.0038943185464888636, 0.014151206515584948]",USD/kg
327331,Recycling,W,1,109665328.651341,2.1e-05,2598765.409938,0.023697,2.1e-05,5e-06,"[1.2098962968506542e-05, 3.0442508311150635e-05]",USD/kg
327420,Recycling,W,1,15782625919.586407,1e-06,6138218.785505,0.000389,1e-06,0.0,"[8.964932591409702e-07, 1.7156446573890114e-06]",USD/kg
327910,Recycling,W,1,2100860.683147,0.00038,255242.174789,0.121494,0.00038,4e-06,"[0.0003730401445013803, 0.00038795538275965735]",USD/kg
327992,Recycling,W,1,69568329.841744,0.001657,10535747.64312,0.151445,0.001657,0.000348,"[0.000974856746569516, 0.0023386857959180793]",USD/kg
327993,Recycling,W,1,57272710.500527,9e-06,139795.587313,0.002441,9e-06,1e-06,"[6.97232195365946e-06, 1.0371684815097768e-05]",USD/kg
331210,Recycling,W,1,425736.610267,0.046399,42607201.299919,100.078782,0.046399,0.01392,"[0.019117074120313618, 0.07368182292371402]",USD/kg
331222,Recycling,W,1,524795190.188782,2e-06,635121.74121,0.00121,2e-06,1e-06,"[5.191250572828139e-07, 2.5930212422864074e-06]",USD/kg
331316,Recycling,W,1,11617536156.539402,1e-06,2537910.646482,0.000218,1e-06,0.0,"[7.488478610102131e-07, 1.315216795366733e-06]",USD/kg
331491,Recycling,W,3,515236335266.3767,2.9e-05,119152576.010956,0.000699,1e-05,8e-06,"[3.8104076987928903e-07, 1.8854870153622757e-05]",USD/kg
331492,Recycling,W,1,230698823.82409,2e-06,61529.267347,0.000267,2e-06,0.0,"[1.4999599551958763e-06, 1.7551563870472473e-06]",USD/kg
331511,Recycling,W,1,1654509850.421451,3e-06,254036.527935,0.000154,3e-06,0.0,"[2.714365643390291e-06, 3.877074280533861e-06]",USD/kg
331512,Recycling,W,1,590880424.828354,3e-06,4585259.207712,0.00776,3e-06,0.0,"[2.3316688442844295e-06, 4.0951576213347784e-06]",USD/kg
331513,Recycling,W,1,3601670847.381845,4e-06,6436852.77849,0.001787,4e-06,0.0,"[3.506570121825598e-06, 4.441212141398757e-06]",USD/kg
331521,Recycling,W,4,6531048459.501925,5e-05,35139394.325566,0.021547,1.2e-05,2e-06,"[1.04537710151135e-05, 1.4341616305622608e-05]",USD/kg
331522,Recycling,W,1,18742735185.385204,3e-06,10003410.885333,0.000534,3e-06,0.0,"[2.4434106894888446e-06, 2.9743405553421326e-06]",USD/kg
331525,Recycling,W,1,89457196.317543,0.000273,5916293.463729,0.066135,0.000273,0.000112,"[5.360546387859642e-05, 0.0004922339847318187]",USD/kg
332116,Recycling,W,1,200191366.202415,1e-06,150669.267321,0.000753,1e-06,1e-06,"[-4.709600517071597e-07, 1.928206631959677e-06]",USD/kg
332212,Recycling,W,1,10605644.400836,5.8e-05,156058.352419,0.014715,5.8e-05,2e-05,"[1.926697990164129e-05, 9.623825214902628e-05]",USD/kg
332510,Recycling,W,1,554583234.034264,2e-06,103707.515769,0.000187,2e-06,1e-06,"[5.458941566346125e-07, 3.7320437976995077e-06]",USD/kg
332811,Recycling,W,1,18392107.649946,0.00365,11421663.0539,0.621009,0.00365,0.000913,"[0.0018617666285506752, 0.005439150078572937]",USD/kg
332812,Recycling,W,2,307541185.842108,4.5e-05,162117.060005,0.001206,2.2e-05,9e-06,"[1.0069080630736411e-05, 3.456237145976846e-05]",USD/kg
332813,Recycling,W,1,853903548.093162,0.000205,2836091.221482,0.003321,0.000205,4.3e-05,"[0.00012039508710569794, 0.00028882836488872517]",USD/kg
332912,Recycling,W,11,56953332921.70385,2.5e-05,106764520.948785,0.021162,2e-06,3e-06,"[4.069835634573788e-07, 4.196509039570368e-06]",USD/kg
334412,Recycling,W,1,786037596.214719,1e-06,41517.684672,5.3e-05,1e-06,1e-06,"[2.2351514672148673e-08, 2.210789262737154e-06]",USD/kg
334413,Recycling,W,1,43715297895.07718,4e-05,5275607.255399,0.000121,4e-05,1e-05,"[2.1299991039357082e-05, 5.913672876238709e-05]",USD/kg
336311,Recycling,W,1,105122372.373094,6e-06,1915553.333671,0.018222,6e-06,1e-06,"[4.7511415705464285e-06, 7.067565612880611e-06]",USD/kg
336399,Recycling,W,1,2527543212.914828,2e-06,2120975.247541,0.000839,2e-06,0.0,"[1.244954268985976e-06, 2.2818013759332193e-06]",USD/kg
336412,Recycling,W,1,204031275.666496,6e-06,685326.648134,0.003359,6e-06,2e-06,"[3.061904237058036e-06, 8.945351375506038e-06]",USD/kg
336413,Recycling,W,1,7685288085.142803,1e-06,3068972.477247,0.000399,1e-06,0.0,"[3.262799940055052e-07, 6.819917173735305e-07]",USD/kg
336510,Recycling,W,1,3429729017.779162,1e-06,5372074.104554,0.001566,1e-06,0.0,"[1.0175191849859e-06, 1.947255415154633e-06]",USD/kg
339112,Recycling,W,1,585882395.080888,2.5e-05,6478367.801187,0.011057,2.5e-05,4e-06,"[1.779638514019803e-05, 3.2617917871486725e-05]",USD/kg
339113,Recycling,W,1,2434696.213448,1.1e-05,4523.252374,0.001858,1.1e-05,0.0,"[1.0498767432152146e-05, 1.1810530017822387e-05]",USD/kg
339991,Recycling,W,1,1494195.664065,0.000205,40977.162905,0.027424,0.000205,8.4e-05,"[4.0349128501508685e-05, 0.00037050723686926233]",USD/kg
339993,Recycling,W,1,203362496.885935,6.4e-05,1607204.83317,0.007903,6.4e-05,1e-06,"[6.235750325431408e-05, 6.48507389876225e-05]",USD/kg
311119,Recycling,L,1,45685935.307927,7e-06,106237.350274,0.002325,7e-06,1e-06,"[4.191817116657251e-06, 9.166281711705675e-06]",USD/kg
311613,Recycling,L,1,23986583.172915,0.000386,1412333.650975,0.05888,0.000386,9.6e-05,"[0.00019661361724140973, 0.000574406563780566]",USD/kg
311999,Recycling,L,1,513208595.28041,1.1e-05,289409.151883,0.000564,1.1e-05,6e-06,"[2.2042944622061388e-07, 2.1802685860160653e-05]",USD/kg
321911,Recycling,L,1,46760954.276924,0.000884,5215837.5228,0.111543,0.000884,0.000309,"[0.00027743837684234636, 0.001489614104883563]",USD/kg
321918,Recycling,L,1,539204318.965367,2e-06,321886.540536,0.000597,2e-06,0.0,"[8.333709047074687e-07, 2.706789214836479e-06]",USD/kg
322222,Recycling,L,1,2989533.383392,0.005745,1370700.285432,0.4585,0.005745,0.000172,"[0.005407270122522741, 0.0060828784435162705]",USD/kg
323110,Recycling,L,1,23466696178.089172,1e-06,263256.513696,1.1e-05,1e-06,0.0,"[5.382941756196495e-07, 1.354415660069412e-06]",USD/kg
324110,Recycling,L,1,52532609.003207,0.005056,10078231.73984,0.191847,0.005056,0.000202,"[0.004660054972775908, 0.005452895739733818]",USD/kg
324191,Recycling,L,1,4466446.953488,0.001201,3663236.719177,0.820168,0.001201,0.000324,"[0.0005655581175865041, 0.0018369331163339943]",USD/kg
325110,Recycling,L,1,7421821.282065,0.000281,5669647.964758,0.763916,0.000281,6e-06,"[0.000270298310957804, 0.00029235387121545305]",USD/kg
325120,Recycling,L,1,10189408.07902,0.006894,19553849.407646,1.919037,0.006894,0.000276,"[0.006353709013799296, 0.00743470045208855]",USD/kg
325131,Recycling,L,1,2168627.854017,0.019581,4518304.289391,2.083485,0.019581,0.001567,"[0.016511092140082638, 0.022651706060664613]",USD/kg
325132,Recycling,L,1,2131433.04301,0.001916,3270480.782596,1.534405,0.001916,0.000134,"[0.001652752812470891, 0.002178373713209344]",USD/kg
325181,Recycling,L,1,79655722.076945,0.000955,33734429.152201,0.423503,0.000955,1e-05,"[0.0009363677657002947, 0.0009738064932170292]",USD/kg
325188,Recycling,L,1,370672672.711926,0.000498,3168891.267672,0.008549,0.000498,0.000129,"[0.00024415375103892765, 0.0007515603154207684]",USD/kg
325199,Recycling,L,2,625109929691.7588,5.3e-05,302345860.975469,0.000967,2.7e-05,3e-06,"[2.240099713917368e-05, 3.073211622570543e-05]",USD/kg
325211,Recycling,L,1,424525495.072044,0.000253,4517727.904444,0.010642,0.000253,3.5e-05,"[0.00018388699410179916, 0.000322964484088833]",USD/kg
325320,Recycling,L,2,25452589.369602,0.025981,33899305.098594,2.651007,0.012991,0.000735,"[0.011972193447663034, 0.014009088525224617]",USD/kg
325411,Recycling,L,1,3768240.225951,0.046487,4633735.764929,1.229682,0.046487,0.005578,"[0.03555370652684068, 0.0574209420488831]",USD/kg
325412,Recycling,L,1,157819495.619037,0.002022,43650166.765039,0.276583,0.002022,0.000687,"[0.0006745690095740474, 0.003369461263089595]",USD/kg
325414,Recycling,L,1,761451.776773,0.003537,2477581.296184,3.25376,0.003537,3.5e-05,"[0.00346805988591187, 0.0036067230841086454]",USD/kg
325510,Recycling,L,2,16162495.922314,0.044256,37234779.995271,4.619851,0.022128,0.002191,"[0.01909193478524065, 0.025163695718235426]",USD/kg
325520,Recycling,L,1,96799607.84567,6.4e-05,968080.685637,0.010001,6.4e-05,8e-06,"[4.804880158063093e-05, 8.090584065549904e-05]",USD/kg
325611,Recycling,L,1,3097832.34821,0.022113,45907822.241523,14.819337,0.022113,0.001548,"[0.01907909108025043, 0.025146767361423808]",USD/kg
325991,Recycling,L,1,4494020.186187,0.001861,3507104.269348,0.780394,0.001861,0.000744,"[0.000402001602789973, 0.0033199872209331103]",USD/kg
325992,Recycling,L,1,104418615.26618,8.2e-05,1074379.921264,0.010289,8.2e-05,4e-06,"[7.391095459131228e-05, 8.997110091671904e-05]",USD/kg
325998,Recycling,L,1,333906487.467464,0.000377,10772576.466197,0.032262,0.000377,2.3e-05,"[0.0003324479755870999, 0.0004210587366757638]",USD/kg
326112,Recycling,L,1,15848256722.525274,2e-06,14059526.535005,0.000887,2e-06,0.0,"[1.4587816540174462e-06, 2.9166480384026356e-06]",USD/kg
326113,Recycling,L,1,726601479.549095,0.000108,12403696.088146,0.017071,0.000108,1.4e-05,"[8.069831867218974e-05, 0.0001358819595261409]",USD/kg
326121,Recycling,L,1,1640842124.676941,9e-06,8076489.496167,0.004922,9e-06,2e-06,"[4.733990709904025e-06, 1.314332593182653e-05]",USD/kg
326199,Recycling,L,1,36071541.791925,0.003063,7876956.153671,0.21837,0.003063,0.000643,"[0.0018023122014873057, 0.004323755218662412]",USD/kg
326211,Recycling,L,1,39761171.924649,1e-05,248713.73303,0.006255,1e-05,1e-06,"[6.853401134436731e-06, 1.2561184396851267e-05]",USD/kg
327125,Recycling,L,1,293800.835847,0.004937,293556.373446,0.999168,0.004937,0.001382,"[0.0022277570058075184, 0.007646831719847874]",USD/kg
327215,Recycling,L,1,244456.775505,0.062485,3193515.514101,13.063723,0.062485,0.031243,"[0.0012508282196449436, 0.12371947217364307]",USD/kg
331210,Recycling,L,2,30447696.075147,0.002356,77262736.531671,5.081413,0.001178,0.0005,"[0.00048532637962171645, 0.0018705651366124369]",USD/kg
331312,Recycling,L,1,23788972.748852,8e-06,95599.753475,0.004019,8e-06,0.0,"[7.427777679443937e-06, 7.724761999902263e-06]",USD/kg
331316,Recycling,L,1,113774.999973,0.043762,1053923.88239,9.263229,0.043762,0.006127,"[0.0317536534461601, 0.05576959019460287]",USD/kg
331419,Recycling,L,1,6864709.886643,5.9e-05,270661.041425,0.039428,5.9e-05,1.1e-05,"[3.694431205044173e-05, 8.078643759381384e-05]",USD/kg
331421,Recycling,L,1,1284322.196272,0.038504,87068500.634188,67.793347,0.038504,0.005776,"[0.027184343980957506, 0.049824539780175245]",USD/kg
331491,Recycling,L,6,195468.35199,282.015531,222491424.977721,6829.191051,47.002589,56.414856,"[1.8621319872540525, 92.14304505973314]",USD/kg
331513,Recycling,L,1,189166.624739,0.075662,6436852.77849,34.027423,0.075662,0.00454,"[0.0667639516192568, 0.08455923088309192]",USD/kg
331522,Recycling,L,1,2325963.214211,0.026313,12058579.872115,5.184338,0.026313,0.001316,"[0.023734203044899625, 0.0288914192644126]",USD/kg
331525,Recycling,L,1,685584.809928,0.043611,7245287.347682,10.568039,0.043611,0.01788,"[0.008565822307034662, 0.07865595298728284]",USD/kg
332312,Recycling,L,1,149717.885159,7.3e-05,7776.412708,0.05194,7.3e-05,1e-05,"[5.302234880111022e-05, 9.312423431234483e-05]",USD/kg
332321,Recycling,L,1,167982.509447,0.012043,724036.648479,4.310191,0.012043,0.00566,"[0.0009491813781030926, 0.02313654261612435]",USD/kg
332439,Recycling,L,1,115207.803646,0.00018,26989.243629,0.234266,0.00018,1.1e-05,"[0.00015880503957978426, 0.00020113297193379953]",USD/kg
332510,Recycling,L,1,129640.654862,0.00915,103707.515769,0.799961,0.00915,0.003477,"[0.0023352531437616456, 0.015965122369073798]",USD/kg
332710,Recycling,L,3,3848098.266941,0.013755,640274.801363,0.499128,0.004585,0.004209,"[-0.00017781675435617813, 0.009348140301396614]",USD/kg
332721,Recycling,L,6,3019685.976417,0.056723,2560354.556898,4.889354,0.009454,0.009494,"[0.0018568639383753811, 0.017050715903911412]",USD/kg
332811,Recycling,L,1,102566.693167,0.482243,8414383.816067,82.03817,0.482243,0.120561,"[0.24594803779836125, 0.7185370435805961]",USD/kg
332812,Recycling,L,1,636437.61455,0.001204,20699.383394,0.032524,0.001204,0.000337,"[0.0005433163034619106, 0.001864946819779858]",USD/kg
332813,Recycling,L,1,24533626739.97463,7e-06,2836091.221482,0.000116,7e-06,1e-06,"[4.190403365232213e-06, 1.0052796848277305e-05]",USD/kg
332911,Recycling,L,2,11462946.188815,0.009448,16752139.83478,2.922767,0.004724,0.001871,"[0.0021315725272911643, 0.007316676088260362]",USD/kg
332919,Recycling,L,3,703968.05676,0.019664,5501878.472562,23.397499,0.006555,0.00386,"[0.0021867073523270967, 0.010922567762239564]",USD/kg
332999,Recycling,L,2,239967.126793,0.043393,2769736.278849,18.499746,0.021697,0.004909,"[0.01489261387656695, 0.028500418905962832]",USD/kg
333111,Recycling,L,1,168994.557788,2.8e-05,11070.884436,0.06551,2.8e-05,1.3e-05,"[2.7074121288145887e-06, 5.231202633107782e-05]",USD/kg
333120,Recycling,L,1,16770.898126,0.359294,4422081.614126,263.675897,0.359294,0.107788,"[0.1480328233823953, 0.5705542705287238]",USD/kg
333132,Recycling,L,1,26087.20262,8.1e-05,3939.184398,0.151001,8.1e-05,3.7e-05,"[7.936191654685381e-06, 0.00015334136328559408]",USD/kg
333415,Recycling,L,2,83400582.698882,0.000259,15270441.539457,0.366235,0.000129,2.2e-05,"[9.903204337261222e-05, 0.00015994150199750073]",USD/kg
333999,Recycling,L,1,500487.819761,0.000199,31901.562594,0.063741,0.000199,1e-05,"[0.0001796269717632022, 0.00021865820152418042]",USD/kg
334413,Recycling,L,1,28550572.479406,0.06158,5275607.255399,0.184781,0.06158,0.014779,"[0.0326135475608975, 0.09054738626529586]",USD/kg
335999,Recycling,L,2,279684.04593,0.001708,149141.488134,1.066476,0.000854,0.000507,"[0.00015099391953173264, 0.001556935967762824]",USD/kg
336340,Recycling,L,1,27750321.87266,0.000402,2377942.80771,0.085691,0.000402,0.000129,"[0.00015004418838155374, 0.0006548890196399041]",USD/kg
336399,Recycling,L,1,17284633.517179,0.000143,1175454.437177,0.068006,0.000143,2.1e-05,"[0.00010089322678432354, 0.0001849210926328452]",USD/kg
336411,Recycling,L,1,468268.158446,0.000248,223620.137531,0.477547,0.000248,7e-06,"[0.0002338066940825368, 0.0002630195398340737]",USD/kg
336415,Recycling,L,1,15910223.024227,1.7e-05,1003698.624658,0.063085,1.7e-05,0.0,"[1.6357858272374676e-05, 1.7011893386621456e-05]",USD/kg
336510,Recycling,L,1,300299.670118,0.030526,9686080.007264,32.254714,0.030526,0.004884,"[0.02095335718569708, 0.04009903581924432]",USD/kg
336611,Recycling,L,1,12704.49974,0.145722,530558.205324,41.76144,0.145722,0.004372,"[0.13715386158842566, 0.1542904736026048]",USD/kg
337110,Recycling,L,1,119724.929417,0.000716,2857.820711,0.02387,0.000716,0.000107,"[0.0005054741790755902, 0.0009264530481531998]",USD/kg
337122,Recycling,L,1,6746.64746,1.483404,4316808.811153,639.845025,1.483404,1.32023,"[-1.1041985729672261, 4.071007067459405]",USD/kg
337211,Recycling,L,6,1104286.050014,0.150792,73749624.105193,397.112282,0.025132,0.031396,"[1.0514449747360544e-05, 0.05025361974931078]",USD/kg
337214,Recycling,L,1,372805.247973,0.004013,2089302.391147,5.604273,0.004013,0.002287,"[-0.0004702005195727759, 0.008495505887593702]",USD/kg
339112,Recycling,L,1,341582010.962751,0.000116,17418260.559276,0.050993,0.000116,1.7e-05,"[8.20703782867896e-05, 0.0001504218321615039]",USD/kg
339993,Recycling,L,1,443263.428327,0.029181,1607204.83317,3.625846,0.029181,0.000292,"[0.028608670941434933, 0.02975252945005335]",USD/kg
325188,Recycling,A,1,6973344356.172221,1.9e-05,2308494.973927,0.000331,1.9e-05,5e-06,"[9.454410479983166e-06, 2.9102807932369888e-05]",USD/kg
325199,Recycling,A,1,223659974966.80557,3.2e-05,131546810.535267,0.000588,3.2e-05,3e-06,"[2.7240131625753218e-05, 3.737096549430846e-05]",USD/kg
325320,Recycling,A,1,23749269437.11283,2.6e-05,63215165.2729,0.002662,2.6e-05,1e-06,"[2.404163098617765e-05, 2.8131965812988876e-05]",USD/kg
325998,Recycling,A,2,1851708.915726,0.693652,54997621.029756,59.39904,0.346826,0.029429,"[0.306040143927555, 0.38761215539555677]",USD/kg
326113,Recycling,A,8,515057946.03697,0.010571,107288226.649874,1.666358,0.001321,0.000486,"[0.0009846637911834662, 0.0016580028880646019]",USD/kg
327310,Recycling,A,7,69459656859.81445,0.00075,182503708.960409,0.018392,0.000107,2e-05,"[9.240548799089076e-05, 0.0001217929774354466]",USD/kg
324122,Recycling,S,1,730516396.8485,2.3e-05,6393366.922137,0.008752,2.3e-05,2e-06,"[1.9564519350131014e-05, 2.6840728510109003e-05]",USD/kg
325131,Recycling,S,1,138300810.380942,0.000396,5827345.719028,0.042135,0.000396,3.2e-05,"[0.0003339115306544363, 0.0004580960349854261]",USD/kg
325181,Recycling,S,1,7856.345779,2.151924,7496539.8116,954.201867,2.151924,0.021519,"[2.1097467676960204, 2.1941006265732637]",USD/kg
325320,Recycling,S,1,26497050021.86169,1e-06,3956483.717248,0.000149,1e-06,0.0,"[1.3486670928020927e-06, 1.5781232383786665e-06]",USD/kg
326299,Recycling,S,1,33850.354532,0.21698,2056572.621577,60.754833,0.21698,0.039056,"[0.1404310832972131, 0.29352959859646116]",USD/kg
327112,Recycling,S,1,26133891.698335,0.000986,4705691.214066,0.180061,0.000986,1e-05,"[0.0009663502142312056, 0.0010049877279107613]",USD/kg
327310,Recycling,S,2,1421049681.232504,0.001934,32743003.145432,0.047446,0.000967,9.6e-05,"[0.0008343387027142435, 0.0010996813825950782]",USD/kg
331112,Recycling,S,1,486434.808732,1e-05,13067.24088,0.026863,1e-05,0.0,"[9.854589854777516e-06, 1.0248605238344532e-05]",USD/kg
331511,Recycling,S,1,3836248.257467,0.00126,225168.74067,0.058695,0.00126,0.000113,"[0.001037630988165622, 0.0014821040881865509]",USD/kg
331513,Recycling,S,1,2594176523.72589,6.1e-05,70805380.563385,0.027294,6.1e-05,4e-06,"[5.3552494956412334e-05, 6.782638947450748e-05]",USD/kg
331521,Recycling,S,2,12353161.095388,0.007041,18895601.794621,3.059217,0.00352,0.000398,"[0.0029684193262378214, 0.004072399419266924]",USD/kg
331524,Recycling,S,5,6024459618.239019,0.000126,43282708.217461,0.035919,2.5e-05,1e-06,"[2.4746624170653978e-05, 2.573606673074814e-05]",USD/kg
331525,Recycling,S,4,1079440.973265,0.659381,43120119.351889,159.784852,0.164845,0.135173,"[0.03237801709691032, 0.2973122368537263]",USD/kg
332116,Recycling,S,10,1219850029.602171,2.3e-05,2922139.713785,0.023951,2e-06,6e-06,"[-1.4987682484288307e-06, 6.136263290093245e-06]",USD/kg
332321,Recycling,S,1,9609347.787387,0.000351,1206727.747465,0.125579,0.000351,0.000165,"[2.765464652091656e-05, 0.0006740891915133532]",USD/kg
332999,Recycling,S,1,62843.508436,0.00305,81704.688035,1.300129,0.00305,0.000488,"[0.0020932529587830455, 0.004005917745261214]",USD/kg
336311,Recycling,S,1,1210681.023588,0.000385,1436665.000253,1.186659,0.000385,3.8e-05,"[0.00030940309440226447, 0.00046025289670852777]",USD/kg
